Bin Code;Item No.;Lot No.;Inventory;ilosc;opis
15-A;000140;BLOT100562;682;1;Kontakt zenski
15-A;000140;LOT1000792;79;1;Kontakt zenski
15-A;000140;LOT1000978;21;1;Kontakt zenski
15-A;000140;LOT1007571;200;1;Kontakt zenski
15-A;000203;BLOT100579;32;1;Kontakt meski 1.5mm2
15-A;000399;BLOT100644;52;1;Dystans metalowy
15-A;000873;BLOT100773;159;1;Faston 1.5-2.5mm bez izolacji
15-A;000924;BLOT100802;181;1;Sruba M5x50 12,9(D912129CP/050
15-A;001021;LOT1002620;21;1;Dlawnica M20x1.5
15-A;001141;BLOT100855;462;1;Sruba M4x10 imbus D912 8.8 ocy
15-A;001142;BLOT100856;377;1;Nakretka M3 D934 ocynk
15-A;001143;BLOT100857;471;1;Nakretka M4 D934 ocynk
15-A;001144;BLOT100858;352;1;Podkladka M3 140HV ocynk
15-A;001145;BLOT100859;161;1;Podkladka talerzowa 10x4,2x0,5
15-A;001262;BLOT100873;62;1;Kontakt meski 0,5mm2
15-A;001463;BLOT100897;5;1;Tuleja wew. GSB430 10,92/12,70
15-A;502056;BLOT100971;4;1;Panel Rittal 2563.010 Szary
15-A;502850;BLOT101036;259;1;Erd-Kontakt meski #12/2.5mm2
15-A;502852;BLOT101038;209;1;Erd-Kontakt zenski #12/2.5mm2
15-A;502903;LOT1003839;4;1;Wtyczka Hirschmann 101-1445
15-A;502903;LOT1006954;49;1;Wtyczka Hirschmann 101-1445
15-A;503491;BLOT101092;19;1;Sprengring CGF GR.36 SPI-57
15-A;503492;BLOT101093;121;1;Wellscheibe CGF GR.36 Edelstha
15-A;511637;BLOT101138;106;1;Erdkontakt zu CGL 18-10P
15-A;511638;BLOT101139;34;1;Kontakt zenski
15-A;561025;LOT1006029;20;1;Kontakt meski HDD-22
15-A;561025;LOT1007882;300;1;Kontakt meski HDD-22
15-A;562027;BLOT101324;610;1;Kontakt meski
15-B;000283;LOT1006625;369;1;Dystans plastikowy 1mm
15-B;000415;LOT1000922;96;1;Oprawa konektora XX_28
15-B;000415;LOT1002071;100;1;Oprawa konektora XX_28
15-B;000759;LOT1007360;100;1;Hilti Gehaeuse Schwarz
15-B;000759;LOT1007777;70;1;Hilti Gehaeuse Schwarz
15-B;001103;BLOT100841;132;1;Obudowa plastik. do D-Sub 9pol
15-B;001103;LOT1002799;100;1;Obudowa plastik. do D-Sub 9pol
15-B;001322;LOT1006800;24;1;Hilti Geh. schwarz inkl. Schli
15-B;001322;LOT1007491;4;1;Hilti Geh. schwarz inkl. Schli
15-B;001322;LOT1007696;120;1;Hilti Geh. schwarz inkl. Schli
15-B;001418;BLOT100886;546;1;Housing condenser
15-B;02855;LOT1004093;378;1;Dlawnica metalowa M20 beztl.
15-B;02855;LOT1006949;500;1;Dlawnica metalowa M20 beztl.
15-B;11315;LOT1007415;271;1;Dlawnica  metalowa M20x1.5 cz.
15-B;11315;LOT1007835;197;1;Dlawnica  metalowa M20x1.5 cz.
15-B;11315;LOT1007881;50;1;Dlawnica  metalowa M20x1.5 cz.
15-B;502862;BLOT101043;27;1;Obudowa D-Sub 37pol metalow
15-B;502891;LOT1007616;274;1;EMV-KV M40 Progress 28.5-32mm
15-B;502891;LOT1007619;160;1;EMV-KV M40 Progress 28.5-32mm
15-B;511337;LOT1007621;35;1;EMV-KV M32 Progress 18-21mm
15-B;511738;LOT1007451;112;1;Dlawnica EMV KV PG11 8.5-12mm
15-B;511738;LOT1007843;65;1;Dlawnica EMV KV PG11 8.5-12mm
15-B;561015;BLOT101306;42;1;Wtyczka meska HDP-20 37pol
15-B;561052;BLOT101310;32;1;Zestaw - Wtyczka + obudowa
15-B;563015;LOT1006787;19;1;Obudowa D-Sub 25-pol
15-B;61039;BLOT100481;1043;1;Konektor D-Sub 9-pol
15-C;000006;LOT1007127;16;1;Nakretka M40
15-C;000006;LOT1007598;10;1;Nakretka M40
15-C;000028;LOT1006472;37;1;Nakretka M20
15-C;000028;LOT1007599;25;1;Nakretka M20
15-C;000040;BLOT100525;42;1;Zlacze katowe 90� M20x1.5
15-C;000041;LOT1006468;25;1;Reduktor M25x1.5-M20x1.5
15-C;000041;LOT1007417;25;1;Reduktor M25x1.5-M20x1.5
15-C;000042;LOT1006471;21;1;Zaslepka mosiezna M25x1.5 7mm
15-C;000042;LOT1007600;25;1;Zaslepka mosiezna M25x1.5 7mm
15-C;000046;LOT1006469;15;1;Nakretka M25
15-C;000046;LOT1007287;16;1;Nakretka M25
15-C;000046;LOT1007601;10;1;Nakretka M25
15-C;000071;LOT1005509;15;1;Nakretka M32
15-C;000071;LOT1005703;20;1;Nakretka M32
15-C;000071;LOT1006418;20;1;Nakretka M32
15-C;000156;BLOT100568;83;1;Dlawnica metalowa M20x1.5
15-C;000184;BLOT100570;30;1;Dlawnica PG16
15-C;000185;BLOT100571;79;1;Dlawnica metalowa PG16 MS EMV
15-C;000294;LOT1006419;7;1;Zaslepka M32 dl.13mm
15-C;000349;BLOT100624;18;1;Zlacze katowe M40x1.5
15-C;000361;BLOT100627;19;1;AGRO 1000.20.150
15-C;000374;LOT1004097;2;1;Reduktor M40x1.5/M32x1.5
15-C;000474;LOT1006606;15;1;Zaslepka M20
15-C;000474;LOT1007602;25;1;Zaslepka M20
15-C;000476;LOT1006696;10;1;Zaslepka M40
15-C;000602;BLOT100700;3;1;Dlawnica Agro 1160.11
15-C;000624;BLOT100704;70;1;Dlawnica M16x1.5
15-C;000653;BLOT100713;22;1;Zaslepka mosiezna M16x1.5
15-C;000654;BLOT100714;45;1;Nakretka mosiezna M16x1.5
15-C;000793;LOT1000023;50;1;Dlawnica HSK-M M16x1,5 PG11
15-C;000794;LOT1000024;42;1;Redukcja M20-M16x1.5 6k
15-C;000866;BLOT100770;19;1;Dlawnica mosEMC M20x1,5 fi8-15
15-C;001022;BLOT100811;6;1;Dlawnica M16x1.5
15-C;001038;LOT1005297;7;1;Dlawnica mosiez PG11 fi5,5-8,5
15-C;001139;BLOT100853;5;1;Nakretka mosiezna M12x1.5
15-C;001148;BLOT100862;2;1;Dlawnica M20x1.5
15-C;001160;BLOT100868;103;1;Dlawnica EMV M12x1.5
15-C;001301;LOT1007450;23;1;Redukcja M25-M32
15-C;001520;BLOT100904;12;1;Dlawnica M20 na dwa przewody
15-C;001610;BLOT100933;10;1;Dlawnica mosiezna M40x1.5
15-C;02901;LOT1007145;142;1;Dlawnica metalowa PG11 MS
15-C;02901;LOT1007618;150;1;Dlawnica metalowa PG11 MS
15-C;11698;LOT1005580;30;1;Dlawnica metalowa z tuba PCV
15-C;502074;LOT1003124;16;1;Redukcja 32-25
15-C;502074;LOT1005977;20;1;Redukcja 32-25
15-C;502214;LOT1004508;50;1;Dlawnica M16x1.5 HSK-M-EMV-Ex
15-C;502436;LOT1006478;7;1;Dlawnica M25x16-19
15-C;502436;LOT1007613;25;1;Dlawnica M25x16-19
15-C;502479;LOT1006607;3;1;Dlawnica metalowa PG13
15-C;502479;LOT1007614;75;1;Dlawnica metalowa PG13
15-C;502833;LOT1005075;67;1;Dlawnica metalowa M20x1.5 cz
15-C;502833;LOT1005978;50;1;Dlawnica metalowa M20x1.5 cz
15-C;502833;LOT1006227;100;1;Dlawnica metalowa M20x1.5 cz
15-C;502833;LOT1006697;50;1;Dlawnica metalowa M20x1.5 cz
15-C;502833;LOT1007612;75;1;Dlawnica metalowa M20x1.5 cz
15-C;502856;BLOT101039;271;1;Dlawnica EMV-KV PG29
15-C;502856;LOT1000189;250;1;Dlawnica EMV-KV PG29
15-C;502856;LOT1001605;275;1;Dlawnica EMV-KV PG29
15-C;502904;LOT1007292;121;1;Nakretka na dlawnice PG11
15-C;502904;LOT1007841;100;1;Nakretka na dlawnice PG11
15-C;503047;LOT1002710;6;1;Dlawnica mosiezna PG9 fi6-8mm
15-C;503435;LOT1006316;84;1;Dlawnica metalowa PG11 MS
15-C;503495;LOT1005583;47;1;Dlawnica M25 13.0-16.0mm
16-A;000324;LOT1004657;57;1;Schraubklemme 2pol
16-A;000493;BLOT100668;37;1;Wtyczka
16-A;000769;BLOT100747;4;1;FLM.1E.304.CLAC45
16-A;000820;BLOT100762;6;1;Fischer 100485 S102 A056-130+
16-A;000891;LOT1002504;2;1;Kabelst CA06PG10SL-3PB01A176
16-A;000892;LOT1002626;2;1;Kabeldose CA01PG10SL-3SB01A176
16-A;001064;LOT1000121;13;1;Zlacze Micro Match 10p
16-A;001067;BLOT100835;773;1;Tulejka izolowana 1.5/8
16-A;001069;BLOT100837;120;1;Wtyczka Mini-Fit 4pol
16-A;001129;LOT1007227;9;1;Zestaw zakonczeniowy E-20
16-A;001155;LOT1001626;18,8;1;Owijka spiralna, 1.5-10mm
16-A;001156;LOT1006271;51;1;Stecker win. FLM.0E.302.CLAC50
16-A;001620;BLOT100938;60;1;Tulejka H10/12 nieizolowana
16-A;001621;BLOT100939;60;1;Tulejka H4/12 nieizolowana
16-A;001622;BLOT100940;60;1;Tulejka H2,5/10 nieizolowana
16-A;502235;BLOT100980;21;1;Konektor zenski + 4* pin meski
16-A;502446;LOT1006848;7;1;Konektor zenski
16-A;502446;LOT1007928;26;1;Konektor zenski
16-A;502841;BLOT101028;10;1;Wtyczka Walther CEE 32/3 zolta
16-A;502910;BLOT101055;10;1;konektor D-Sub 9pol + obudowa
16-A;511613;LOT1002063;11;1;Schutzkappe zu Handsteuerung
16-A;511615;BLOT101132;6;1;Schutzkappe zu Blattmotor
16-A;561014;BLOT101305;34;1;Wtyczka meska HDP-20 25pol
16-A;561045;BLOT101309;60;1;Wtyczka DIN 41612 STV D
16-A;563050;BLOT101331;218;1;Dlawnica metalowa EMV Gr.8 UC
16-A;563074;BLOT101336;90;1;Obudowa konektora 9pol
16-A;570202;BLOT101345;4074;1;Obejma kablowa 5-7mm 0507/4
16-B;000105;BLOT100551;403;1;Kontakt zenski Micro-Fit
16-B;000768;LOT1006621;44;1;Stecker 4pol FFA.1E.304.CLAC45
16-B;000829;BLOT100768;2;1;Flansch-Stecker MILC20-41
16-B;000897;BLOT100788;7;1;Ferryt 29 x 13 x 19
16-B;001431;BLOT100892;87;1;Han 3EMV-gw-M20 mit dichtung
16-B;001433;LOT1002794;124;1;Zlacze IDC 34 pinowe
16-B;001685;LOT1007285;10;1;Z��cze 4p seria UTL
16-B;001829;LOT1004652;40;1;Kontakt m�ski 6,3x0,8 0,25-1,50mm2 izolowany
16-B;001829;LOT1004835;200;1;Kontakt m�ski 6,3x0,8 0,25-1,50mm2 izolowany
16-B;11703;LOT1004870;77;1;Przejsciowka konektor-dlawnica
16-B;16725;BLOT100455;1113;1;Tulejka 0,14x8mm szara
16-B;502444;LOT1006913;59;1;Przejsciowka kon.-dlawnica
16-B;502445;LOT1007796;2;1;Konektor meski
16-B;502470;BLOT100996;16;1;Stiftkontakt zu D38999 Stecker
16-B;502470;LOT1000464;193;1;Stiftkontakt zu D38999 Stecker
16-B;502486;LOT1007479;100;1;Endgeh�use zu CA06COM16S-1
16-B;502784;LOT1004068;20;1;SOURIAU Kabelstecker negativ.
16-B;502784;LOT1007666;50;1;SOURIAU Kabelstecker negativ.
16-B;502785;LOT1004067;39;1;SOURIAU Kabelstecker positiv
16-B;502786;LOT1004606;36;1;Schutzdeckel D38999.
16-B;502977;LOT1004019;128;1;Oprawa Konektora Gr.13
16-B;503038;LOT1000702;13;1;D38999/26KC26SN SOURIAU negat.
16-B;503038;LOT1007907;20;1;D38999/26KC26SN SOURIAU negat.
16-C;02395;LOT1002062;244;1;Koncowka do konektora LNS
16-C;02395;LOT1006164;700;1;Koncowka do konektora LNS
16-C;02395;LOT1006576;700;1;Koncowka do konektora LNS
16-C;02395;LOT1006869;447;1;Koncowka do konektora LNS
16-C;02395;LOT1007054;160;1;Koncowka do konektora LNS
16-C;502872;LOT1007701;257;1;Wtyczka Walther 230, CEE 32/5
16-C;511253;LOT1005504;67;1;Dlawnica MS EMV M32x1.5
16-C;511253;LOT1006430;28;1;Dlawnica MS EMV M32x1.5
16-C;511253;LOT1006699;175;1;Dlawnica MS EMV M32x1.5
16-C;511253;LOT1007604;540;1;Dlawnica MS EMV M32x1.5
16-C;511253;LOT1007842;160;1;Dlawnica MS EMV M32x1.5
16-C;511642;BLOT101140;394;1;Redukcja PG 36-29
17-A;000242;LOT1007350;97;1;Pierscien zaciskowy ORANGE
17-A;000242;LOT1007816;500;1;Pierscien zaciskowy ORANGE
17-A;000243;LOT1006529;92;1;Pierscien zaciskowy
17-A;000243;LOT1006530;100;1;Pierscien zaciskowy
17-A;000243;LOT1007295;100;1;Pierscien zaciskowy
17-A;000531;LOT1006101;9;1;Erdungsschelle aus Kunststoff
17-A;000531;LOT1006129;17;1;Erdungsschelle aus Kunststoff
17-A;000531;LOT1006929;183;1;Erdungsschelle aus Kunststoff
17-A;000531;LOT1006930;117;1;Erdungsschelle aus Kunststoff
17-A;511179;LOT1006299;413;1;Etykieta plastikowa (PA6)
17-A;578014;LOT1007209;143;1;Nakretka blokowa NC4-40
17-A;578014;LOT1007607;250;1;Nakretka blokowa NC4-40
17-A;578014;LOT1007848;220;1;Nakretka blokowa NC4-40
17-A;78009;LOT1007210;113;1;Sruba (+) NC4-40
17-A;78009;LOT1007606;260;1;Sruba (+) NC4-40
17-A;78009;LOT1007849;250;1;Sruba (+) NC4-40
17-B;000224;LOT1006636;615;1;Wtyczka meska na pin zenski 8
17-B;000681;LOT1007758;111;1;Wtyczka DIN-Power D032-DC-B
17-B;000762;LOT1004080;31;1;Endgeh.Gr.02
17-B;000762;LOT1005573;50;1;Endgeh.Gr.02
17-B;000762;LOT1005901;60;1;Endgeh.Gr.02
17-B;000762;LOT1007817;100;1;Endgeh.Gr.02
17-B;000764;LOT1006088;6;1;Stecker Lot 05POL
17-B;000764;LOT1007818;100;1;Stecker Lot 05POL
17-B;000764;LOT1007884;100;1;Stecker Lot 05POL
17-B;001646;LOT1007252;171;1;Ferryt 19x13x28
17-B;561054;LOT1007480;160;1;Wtyczka - zestaw
17-C;000380;LOT1007833;239;1;Obudowa + wtyczka 96pol
17-C;000424;LOT1006770;27;1;Ferryt 17.5x10.7x18
17-C;000424;LOT1007564;378;1;Ferryt 17.5x10.7x18
17-C;000646;LOT1006331;336;1;Styk kolkowy Han C 6QMM
17-C;000646;LOT1006346;50;1;Styk kolkowy Han C 6QMM
17-C;000646;LOT1007759;100;1;Styk kolkowy Han C 6QMM
17-C;000894;LOT1007641;189;1;DIN 41612 Connectors LOCKING L
17-C;000894;LOT1007763;2500;1;DIN 41612 Connectors LOCKING L
17-C;11754;LOT1007581;21687;1;Kontakt meski 1,5mm2
17-C;502824;LOT1007271;134;1;Tuleja R5-RH 10x10x7mm
17-C;502975;LOT1007267;86;1;Uchwyt oznacznika
17-C;502975;LOT1007706;50;1;Uchwyt oznacznika
17-C;570210;LOT1006439;254;1;Kaltger�t-Steckdose B30.003SW
17-D;000240;LOT1005892;565;1;Steckerbr�cke B06.025H 3-polig
17-D;001634;LOT1005543;183;1;SAI-SK M12 UNI 2029
17-D;001634;LOT1006768;140;1;SAI-SK M12 UNI 2029
17-D;001684;LOT1004400;4582;1;Kontakt damski 2,8x0,8 0,5-1,0mm2 izolowany PA
17-D;001684;LOT1006945;100;1;Kontakt damski 2,8x0,8 0,5-1,0mm2 izolowany PA
17-D;502907;LOT1007265;94;1;Zacisk przewodu ochronnego
17-D;502907;LOT1007708;50;1;Zacisk przewodu ochronnego
17-D;502908;LOT1007266;93;1;Pokrywa zamykajaca
17-D;502908;LOT1007707;50;1;Pokrywa zamykajaca
17-D;511592;LOT1006148;320;1;Tuleja R5-RH 12x15x7.3mm
17-D;511755;LOT1007591;22246;1;Kontakt zenski AWG16 1.5mm2
17-D;568050;LOT1007270;295;1;Tuleja RRH 17.5x28.5x10.7
17-D;570205;BLOT101346;6423;1;Obejma kablowa 7-9mm 0709/4
17-E;000634;LOT1007256;4621;1;Konektor 4x6 TEMPUS - NEW
17-E;000647;LOT1005868;92;1;Han 4 Mod M-c 40A
17-E;000649;LOT1006682;46;1;Han 4 Mod F-c 40A
17-E;000649;LOT1007557;202;1;Han 4 Mod F-c 40A
17-E;000649;LOT1007678;50;1;Han 4 Mod F-c 40A
17-E;001612;LOT1005546;166;1;SAIBP-M-4A-4/8-M12
17-E;001612;LOT1006767;157;1;SAIBP-M-4A-4/8-M12
17-E;001612;LOT1006854;43;1;SAIBP-M-4A-4/8-M12
17-E;001613;LOT1005545;177;1;SAISP-M-4A-4/8-M12
17-E;001613;LOT1006399;139;1;SAISP-M-4A-4/8-M12
17-E;001613;LOT1006769;30;1;SAISP-M-4A-4/8-M12
17-E;570012;LOT1006793;113;1;Zlacze zenskie
17-E;570012;LOT1006794;500;1;Zlacze zenskie
18-A;000274;LOT1005242;161;1;Koncowka widelkowa 1.5mm2 M4
18-A;000367;LOT1006765;24;1;Faston oczkowy 0.5-1.0mm2 M5
18-A;001050;LOT1007079;592;1;Tulejka HI0,75/8 izolowana bia
18-A;001106;LOT1003670;51;1;Koncowka oczkowa M4x6mm zolta
18-A;001675;LOT1004322;120;1;Uszczelka z zakresem 16-19mm
18-A;001738;LOT1004367;499;1;Tulejka izolowana HI 0,34/6 ERHL
18-A;001780;LOT1005516;1995;1;KO�C�WKA TULEJKOWA IZOLOWANA H0,34/11S TK
18-A;001780;LOT1006524;1060;1;KO�C�WKA TULEJKOWA IZOLOWANA H0,34/11S TK
18-A;502454;LOT1004448;750;1;O-Ring 12.42x1.78 NBR
18-A;502858;BLOT101041;190;1;O-Ring OR 2150 37.82x1.78mm
18-A;503016;LOT1004922;291;1;O-Ring 18.00x1.00mm NBR
18-A;511690;LOT1006778;440;1;Tulejka Gr.16-AWG20
18-A;68046;BLOT100490;137;1;Faston, zolty, 0.1-0.5mm2
18-A;68046;LOT1005718;1500;1;Faston, zolty, 0.1-0.5mm2
18-B;000648;LOT1006683;114;1;Styk tulejowy Han C 6QMM
18-B;000648;LOT1007556;850;1;Styk tulejowy Han C 6QMM
18-B;000648;LOT1007582;400;1;Styk tulejowy Han C 6QMM
18-B;000648;LOT1007677;200;1;Styk tulejowy Han C 6QMM
18-B;000765;LOT1004082;37;1;St.Dose Lot 05Pol
18-B;000765;LOT1006750;50;1;St.Dose Lot 05Pol
18-B;000765;LOT1007819;50;1;St.Dose Lot 05Pol
18-B;001803;LOT1004649;5965;1;Kontakt D 0,5-1,5mm2 srebrzony
18-B;511740;LOT1007065;523;1;Kontakt zenski HDM-20
18-B;511740;LOT1007580;200;1;Kontakt zenski HDM-20
18-B;561007;LOT1007579;326;1;Wtyczka zenska HDP-20 25pol
18-B;563070;LOT1007605;139;1;Grommet do zlacza D-Sub 25p
18-B;563070;LOT1007844;70;1;Grommet do zlacza D-Sub 25p
18-C;000541;LOT1007225;32;1;Konektor MDSM-9SC-Z11-VS1
18-C;001682;LOT1003714;50;1;D�awnica plastikowa czarna PG16 fi 11-15mm
18-C;001682;LOT1003715;532;1;D�awnica plastikowa czarna PG16 fi 11-15mm
18-C;001682;LOT1003835;150;1;D�awnica plastikowa czarna PG16 fi 11-15mm
18-C;001683;LOT1003501;182;1;Nakr�tka plastikowa czarna PG16
18-C;001683;LOT1003716;400;1;Nakr�tka plastikowa czarna PG16
18-C;001683;LOT1003836;200;1;Nakr�tka plastikowa czarna PG16
18-C;02420;LOT1004383;396;1;Dlawnica plastikowa M20x1.5
18-C;02420;LOT1004446;100;1;Dlawnica plastikowa M20x1.5
18-D;000909;LOT1004071;12;1;Wtyczka Han C module
18-D;001802;LOT1004648;737;1;Z��cze D 6p+PE
18-D;02421;LOT1004384;288;1;Nakretka plastikowa M20 szara
18-D;02421;LOT1004447;200;1;Nakretka plastikowa M20 szara
18-D;502388;LOT1000949;164;1;Konektor 19pol toczony
18-D;502388;LOT1001983;400;1;Konektor 19pol toczony
18-D;502388;LOT1005429;100;1;Konektor 19pol toczony
18-D;502388T;LOT1001856;179;1;Toczenie konektora 502388
18-D;502388T;LOT1002379;400;1;Toczenie konektora 502388
18-D;502388T;LOT1005785;100;1;Toczenie konektora 502388
18-D;502388T;LOT1006083;179;1;Toczenie konektora 502388
18-E;000763;LOT1000087;335;1;Kabelmuffe, Kunststoff
18-E;000763;LOT1005902;55;1;Kabelmuffe, Kunststoff
18-E;000763;LOT1007424;100;1;Kabelmuffe, Kunststoff
18-E;000767;LOT1004507;38;1;Dlawnica HSK-M M20x1,5 6-12mm
18-E;000767;LOT1005959;100;1;Dlawnica HSK-M M20x1,5 6-12mm
18-E;001659;LOT1004360;1404;1;Wtyk RJ45 8P8C Cat5e ekranowany
18-E;502488;LOT1007130;39;1;Dlawnica MS EMV M40x1.5
18-E;502488;LOT1007620;380;1;Dlawnica MS EMV M40x1.5
18-E;502488;LOT1007837;270;1;Dlawnica MS EMV M40x1.5
18-E;502906;LOT1007773;423;1;Rozlacznik sprezynowo-nozowy
18-E;563073;LOT1007456;64;1;Obudowa D-Sub 25pol FCT
18-E;563073;LOT1007608;125;1;Obudowa D-Sub 25pol FCT
18-E;563073;LOT1007847;70;1;Obudowa D-Sub 25pol FCT
18-E;63035;LOT1004423;1355;1;Gumowa oslona na RJ45, szara
18-E;70200;LOT1001313;1480;1;Konektor RJ45, shielded Cat.5
18-E;70200;LOT1001362;506;1;Konektor RJ45, shielded Cat.5
18-E;70200;LOT1001364;355;1;Konektor RJ45, shielded Cat.5
18-E;70200;LOT1001365;1000;1;Konektor RJ45, shielded Cat.5
19-A;000037;BLOT100522;944;1;Sruba do wtyczki Q7
19-A;001279;LOT1007048;2;1;SOURIAU Kabelstecker D38999 4P
19-A;001875;LOT1005605;52;1;H1,5/18D SW
19-A;502808;LOT1007257;500;1;O-Ring 20.00x1.5mm NBR/Nitril
19-B;000031;LOT1007107;28;1;"Kodowanie ""T"" do Q7/0"
19-B;000031;LOT1007760;250;1;"Kodowanie ""T"" do Q7/0"
19-B;000031;LOT1007912;200;1;"Kodowanie ""T"" do Q7/0"
19-B;000201;LOT1006583;171;1;Tulejka 4x12 szara
19-B;000201;LOT1007827;600;1;Tulejka 4x12 szara
19-B;000260;LOT1007703;96;1;Polaczenie laboratoryjne 4mm
19-B;000674;LOT1006017;85;1;Kontakt APK-SB25A10-002-EINZEL
19-B;000675;LOT1005241;7;1;Wire Seal Blue 2.1-2.9mm
19-B;000676;LOT1006010;164;1;Wire Filler, APD 4way, white
19-B;000677;LOT1007344;4;1;Endbell R/A APD 4way 8.5mm
19-B;02469;LOT1007122;74;1;Kontakt meski 2,5mm2
19-B;02804;LOT1004103;52;1;Nakretka PG11 szara
19-B;17751;LOT1007668;50;1;Element kodujacy
19-B;511762;LOT1007120;53;1;Kontakt zenski 2.5 mm2
19-B;517820;LOT1007121;205;1;Kontakt zenski 2.5mm2
19-B;517820;LOT1007674;300;1;Kontakt zenski 2.5mm2
19-B;68045;LOT1001602;46;1;Faston widelkowy 0.5-1mm2
19-B;68045;LOT1005158;250;1;Faston widelkowy 0.5-1mm2
19-C;000030;LOT1007094;102;1;Wtyczka meska Q7 / pin zenski
19-C;000039;LOT1006293;68;1;Zatrzask konektora
19-C;000124;LOT1004651;424;1;Stecker 4pol grey
19-C;000758;LOT1006587;94;1;Koncowka oczkowa 6mm2 M5
19-C;000758;LOT1007596;300;1;Koncowka oczkowa 6mm2 M5
19-C;02803;LOT1004102;53;1;Adapter PG11/M20x1.5
19-C;02806;LOT1006294;522;1;Kontakt meski 1,5mm2
19-C;11759;BLOT100449;160;1;Konektor 5pol Q 5/0-M
19-C;11760;BLOT100450;97;1;Konektor Q5/0-F 5pol
19-C;17840;LOT1007419;56;1;Wtyczka zenska Q7 / pin meski
19-D;000012;LOT1007337;300;1;Oznacznik kablowy 40x17mm
19-D;000012;LOT1007877;1500;1;Oznacznik kablowy 40x17mm
19-D;000109;BLOT100552;236;1;Wtyczka 8pol na kont.zenski
19-D;000369;LOT1007370;28;1;Han Snap Kupplung
19-D;511038;LOT1001248;37;1;Wtyczka HAN 8D-M
19-D;511038;LOT1001932;10;1;Wtyczka HAN 8D-M
19-D;511038;LOT1002070;10;1;Wtyczka HAN 8D-M
19-D;511038;LOT1004842;40;1;Wtyczka HAN 8D-M
19-D;511175;LOT1006833;278;1;Element kodujacy meski
19-D;511175;LOT1007679;1600;1;Element kodujacy meski
19-D;511175;LOT1007761;3100;1;Element kodujacy meski
19-D;511176;LOT1007199;418;1;Element kodujacy zenski
19-D;511176;LOT1007680;1600;1;Element kodujacy zenski
19-D;517799;LOT1007401;58;1;Oznacznik kablowy KMK2
19-E;000062;LOT1005250;27;1;Wtyczka zenska 10E / pin meski
19-E;000062;LOT1005769;10;1;Wtyczka zenska 10E / pin meski
19-E;000063;LOT1005773;10;1;Wtyczka meska HsB06/pin zenski
19-E;000064;LOT1005771;4;1;Wtyczka zenska / pin meski
19-E;000738;LOT1004150;42;1;Konektor S 104 Z065-130+
19-E;000738;LOT1006243;110;1;Konektor S 104 Z065-130+
19-E;000739;LOT1003188;2;1;Konektor S 104 A065-130+
19-E;000739;LOT1006244;110;1;Konektor S 104 A065-130+
19-E;000796;LOT1007379;50;1;Stecker ger. FFA.0E.302.CLAC45
19-E;000796;LOT1007686;36;1;Stecker ger. FFA.0E.302.CLAC45
19-E;001664;LOT1005662;4;1;PTFE Moulded End Termination / PYEX-TF-EK13
20-A;001275;LOT1006219;1;1;Licznik godzin 7-cyfrowy
20-A;002004;LOT1007195;3,74;1;HEGEMIP14-PET/SNCU-BK/ML
20-A;563047;LOT1006039;18;1;Oslona kon. RJ45 niebieska
20-A;563047;LOT1007710;100;1;Oslona kon. RJ45 niebieska
20-B;000366;LOT1006588;123;1;D933 A4 Sruba 6k M5x10
20-B;001066;LOT1004005;91;1;Lacznik wty MSTB 2,5/4-ST-5,08
20-B;001625;BLOT100943;784;1;Lacznik nieizolowany4,0-6,0mm2
20-B;502756;BLOT101005;407;1;Tuba do Mini HVL
20-B;502757;LOT1005593;46;1;Ring Clip do Mini HVL
20-B;AR340056;BLOT101400;31;1;Stecker MILCS14-19p
20-B;TE100159;LOT1005862;19;1;Buchse MILCB14-19S
20-B;TE150726;LOT1006622;15;1;Stecker Schraubstutzen
20-C;000066;LOT1007584;2;1;Wtyczka meska HAN DD24/pin zenski
20-C;000083;LOT1006052;36;1;Konektor DT06-2S
20-C;000084;LOT1005671;137;1;Kontakt D Size 16
20-C;000086;LOT1006051;51;1;DT WEDGELOCK 2way plug
20-C;000090;LOT1007583;22;1;Kontakt meski HAN C 2,5mm2
20-C;000090;LOT1007675;125;1;Kontakt meski HAN C 2,5mm2
20-C;000134;LOT1005683;113;1;Lacznik 1.5-2.5mm2
20-C;000134;LOT1006220;100;1;Lacznik 1.5-2.5mm2
20-C;000737;LOT1004149;47;1;Zacisk kablowy do zlacza
20-C;000737;LOT1006242;210;1;Zacisk kablowy do zlacza
20-C;001614;LOT1005568;261;1;SAI-SK Stecker M12
20-C;001614;LOT1006745;100;1;SAI-SK Stecker M12
20-C;001614;LOT1006886;50;1;SAI-SK Stecker M12
20-C;02800;BLOT100424;290;1;Wtyczka M'N'L 2-pol zenska
20-C;502752;LOT1000021;2;1;Wtyczka zenska HV-4
20-C;502752;LOT1000046;939;1;Wtyczka zenska HV-4
20-C;563071;LOT1006695;26;1;Grommet do zlacza D-Sub 9-15p
20-C;563071;LOT1007610;80;1;Grommet do zlacza D-Sub 9-15p
20-C;563071;LOT1007845;50;1;Grommet do zlacza D-Sub 9-15p
20-C;61048;LOT1004359;387;1;Gniazdo M'N'L , 9pol, zenskie
20-C;61049;LOT1003787;317;1;Gniazdo M'N'L , 6pol, zenskie
20-D;000088;LOT1005209;33;1;Wtyczka Han Q 2/0-m-crimp
20-D;000088;LOT1006639;10;1;Wtyczka Han Q 2/0-m-crimp
20-D;000655;LOT1001977;836;1;Connector C13 B30.011 SW
20-D;000760;LOT1004737;23;1;Obejma kablowa 15-18mm
20-D;000760;LOT1006513;300;1;Obejma kablowa 15-18mm
20-D;002014;LOT1007746;30;1;D�awnica PG9  8-10,5mm/ 1571.09.105
20-D;11712;LOT1006698;193;1;Dlawnica plastikowa M20 czarna
20-D;11712;LOT1007603;420;1;Dlawnica plastikowa M20 czarna
20-D;11712;LOT1007836;200;1;Dlawnica plastikowa M20 czarna
20-D;502753;BLOT101004;7797;1;Wtyczka meska HV-4
20-D;502940;LOT1004642;432;1;SUNDAND Spannband S3175-2
20-D;561011;LOT1005596;86;1;Wtyczka zenska HDP 15pol
20-D;561011;LOT1006687;100;1;Wtyczka zenska HDP 15pol
20-D;563072;LOT1006416;35;1;Obudowa do D-Sub 15pol
20-D;563072;LOT1007609;50;1;Obudowa do D-Sub 15pol
20-D;563072;LOT1007846;60;1;Obudowa do D-Sub 15pol
20-E;001823;LOT1004986;28;1;Kabelstecker 6+PE, L�tanschluss
20-E;001823;LOT1005079;100;1;Kabelstecker 6+PE, L�tanschluss
20-E;001823;LOT1006224;200;1;Kabelstecker 6+PE, L�tanschluss
20-E;001823;LOT1006376;50;1;Kabelstecker 6+PE, L�tanschluss
20-E;001912;LOT1006568;2;1;Connector housing, Plug part
20-E;001944;LOT1007123;7;1;Han Q 8/0 BU-C
20-E;001945;LOT1007124;2;1;Han Compact Top Entry Hood M25 HC nickel
20-E;17824;LOT1006499;25;1;Wtyczka 42 zenska/pin meski
20-E;502495;LOT1005253;1;1;Wtyczka meska 42pol/pin zenski
20-E;502495;LOT1005772;5;1;Wtyczka meska 42pol/pin zenski
20-E;502805;LOT1006528;765;1;Konektor RJ45
20-E;504930;LOT1007709;1028;1;LWL-MITTELST�CK FC/PC SM NOVO.
21-A;000401;BLOT100646;30;1;Bolec 48.403.731-01 R.03
21-A;001580;BLOT100921;3;1;Zwischenplatte
21-A;11761;BLOT100451;2017;1;Kontakt meski 2.5mm2
21-A;17837;BLOT100475;15;1;Faston niebieski 6.3x0.8mm
21-A;17837;LOT1005240;500;1;Faston niebieski 6.3x0.8mm
21-A;517701;LOT1006841;13;1;Rezystor 25W 0-1500 Ohm
21-A;517723;BLOT101204;174;1;Element izolujacy S10
21-A;517724;BLOT101205;11;1;El.przelaczajacy+rolka Czarny
21-A;517743;BLOT101217;2610;1;Zabezpieczenie bolca
21-A;517788;LOT1007910;100;1;Sztanga laczaca
21-A;517849;BLOT101243;6;1;Silnik 220V AC Groschopp
21-A;517849;LOT1000093;24;1;Silnik 220V AC Groschopp
21-A;517892;LOT1005111;4;1;Flanschmotor 60V Groschopp
21-B;000720;BLOT100733;68;1;Huelse 6/3x13.6
21-B;02882;LOT1006668;500;1;Tulejka 2.5/14S niebieska
21-B;17740;LOT1006702;20;1;Kostka elektryczna G 5/6
21-B;17740;LOT1007214;150;1;Kostka elektryczna G 5/6
21-B;17740;LOT1007878;50;1;Kostka elektryczna G 5/6
21-B;17810;LOT1000422;98;1;Dystans metalowy
21-B;17811;BLOT100467;602;1;Dystans plastikowy M
21-B;17812;BLOT100468;557;1;Dystans plastikowy D
21-B;17832;BLOT100474;24;1;Bolec adaptera MV
21-B;17839;BLOT100477;11;1;Przycisk 120V zielony
21-B;502213;LOT1007638;19;1;Faston oczkowy izolowany M6
21-B;517700;LOT1004219;165;1;Element izolujacy
21-B;517703;LOT1007340;10;1;Rezystor 25W 6000 Ohm
21-B;517703;LOT1007923;32;1;Rezystor 25W 6000 Ohm.
21-B;517703;LOT1007931;25;1;Rezystor 25W 6000 Ohm.
21-B;517714;LOT1004891;38;1;Walek zebaty silnika
21-B;517714;LOT1007873;500;1;Walek zebaty silnika.
21-B;517716;LOT1006433;160;1;Uchwyt montazowy rezystora
21-B;517716;LOT1007460;250;1;Uchwyt montazowy rezystora
21-B;517729;LOT1006855;6;1;Przycisk czarny
21-B;517729;LOT1007258;20;1;Przycisk czarny
21-B;517738;LOT1005472;124;1;Dystans D12/6x6
21-B;517739;LOT1006539;597;1;Podkladka D21/8.5x1
21-B;517746;LOT1006236;59;1;Uchwyt kostki G5/6
21-B;517746;LOT1007698;200;1;Uchwyt kostki G5/6
21-B;517752;LOT1005565;107;1;Zinkoxyd - Warystor 175 V
21-B;517752;LOT1006853;500;1;Zinkoxyd - Warystor 175 V
21-B;517754;LOT1005562;45;1;Rolka
21-B;517787;LOT1007595;196;1;Element przelacznika
21-B;517788;LOT1007239;84;1;Sztanga laczaca
21-B;517790;LOT1007236;85;1;Sztanga przelacznikow
21-B;517790;LOT1007891;100;1;Sztanga przelacznikow
21-B;517825;BLOT101239;140;1;Element kodujacy Han E
21-B;517889;LOT1006516;38;1;Silnik 110/125V DC (Groschop)
21-B;517889;LOT1006947;25;1;Silnik 110/125V DC (Groschop)
21-B;517889;LOT1007765;50;1;Silnik 110/125V DC (Groschop)
21-C;11236;LOT1006280;39;1;Konektor + obudowa czarna
21-C;11236;LOT1007382;300;1;Konektor + obudowa czarna
21-C;511240;BLOT101117;139;1;Konektor + Obudowa SV2
21-C;511689;LOT1006790;4;1;Konektor 9pol meski/CA3106E20A
21-C;511689;LOT1007223;10;1;Konektor 9pol meski/CA3106E20A
21-C;511752;LOT1007588;428;1;Wtyczka zenska D40 / pin meski
21-C;511752;LOT1007798;120;1;Wtyczka zenska D40 / pin meski
21-C;511753;LOT1006933;16;1;Wtyczka meska 40D/pin zenski
21-C;511753;LOT1007590;1000;1;Wtyczka meska 40D/pin zenski
21-C;517850;BLOT101244;11;1;Silnik 48V DC Groschopp
21-C;517890;LOT1007766;32;1;Silnik 220V DC(Groschopp)
22-A;000081;BLOT100542;2;1;FCC Kabelstecker RJ11
22-A;000308;BLOT100611;73;1;Buchsenleiste 14pol
22-A;000321;BLOT100615;92;1;Schraubklemme 4pol
22-A;000325;BLOT100617;83;1;Schraubklemme 2pol
22-A;000388;LOT1004031;61;1;Cable Connector 10pol
22-A;000418;BLOT100651;4;1;Switch element holder
22-A;000523;BLOT100676;300;1;Lumberg Einbaustecker 8pol
22-A;000718;BLOT100731;48;1;Befestigungsstift 55mm
22-A;000823;BLOT100765;19;1;Momentary Button 22
22-A;000889;BLOT100782;2;1;Harting HAN K4/4-M
22-A;001062;BLOT100830;47;1;Tasma 1,27mm 20xAWG28
22-A;001063;BLOT100831;55;1;Buchsenleiste 10pol
22-A;001068;BLOT100836;1076;1;Kontakt Mini-Fit AWG16
22-A;240005;BLOT100960;927;1;Konektor szybkozlaczka
22-A;503039;BLOT101069;13;1;D38999/26KC26PN SOURIAU posit.
22-A;503039;LOT1004069;20;1;D38999/26KC26PN SOURIAU posit.
22-A;511155;BLOT101112;1;1;Kabelstecker CAO6COM-PG16S-1P
22-A;517796;LOT1007821;8;1;Trager Klemmenwinkel B65_12P
22-B;000400;BLOT100645;146;1;Plytka laczaca przelaczniki
22-B;000501;BLOT100671;196;1;Element przelacznika A6
22-B;000526;BLOT100677;247;1;Faston 4.8x0.5 na przewod 1.5
22-B;000867;LOT1005086;16;1;Rezystor 3300 ohm wpinany
22-B;000867;LOT1007200;40;1;Rezystor 3300 ohm wpinany
22-B;000896;LOT1006722;9;1;Hubbel Twistlock watertight
22-B;000896;LOT1007388;10;1;Hubbel Twistlock watertight
22-B;000896;LOT1007391;40;1;Hubbel Twistlock watertight
22-B;1310230901;LOT1006802;364;1;DECKEL
22-B;1310240401;LOT1004372;74;1;RASTENGEHAEUSE
22-B;17802;BLOT100463;16;1;Element przelacznika M-0-1-0
22-B;17838;BLOT100476;27;1;Elektromagnes 110V maly
22-B;517702;BLOT101190;144;1;Rezystor 25W 2000 Ohm
22-B;517705;LOT1006850;55;1;Elem. przelaczajacy Niebieski
22-B;517705;LOT1007672;200;1;Elem. przelaczajacy Niebieski
22-B;517706;LOT1006326;12;1;El.przelaczajacy z rolka Nieb.
22-B;517706;LOT1007673;200;1;El.przelaczajacy z rolka Nieb.
22-B;517732;LOT1003947;14;1;Elektromagnes 125V
22-B;517732;LOT1007850;25;1;Elektromagnes 125V
22-B;517753;LOT1006097;145;1;Zinkoxyd - Warystor 275 V
22-B;517758;BLOT101227;6;1;Elektromagnes GE 110V DC
22-B;517758;LOT1007594;25;1;Elektromagnes GE 110V DC
22-B;517759;LOT1006023;20;1;Elektromagnes GE 220V DC
22-C;17822;LOT1004361;1;1;Przelacznik elektr. 8pol zolty
22-C;17822;LOT1007182;25;1;Przelacznik elektr. 8pol zolty
22-C;17823;BLOT100471;3;1;Przelacznik elektr.16pol zolty
22-C;17823;LOT1007181;25;1;Przelacznik elektr.16pol zolty
22-C;17827;BLOT100473;12;1;Przelacznik elektr.10pol zolty
22-C;517757;LOT1007047;28;1;Przelacznik 40E 4S., 49.105.100-01
22-C;517853;LOT1000791;24;1;Przelacznik elektr. 16pol
22-C;551723;LOT1005796;253;1;LWL-SPLEISSMODUL 95 Logo Brugg
22-C;551727;BLOT101289;222;1;LWL-SPLEISSMODUL-DECKEL 95
23-A;001140;BLOT100854;357;1;Sruba M3x8 imbus D912 8.8 ocyn
23-B;1310264301;BLOT101461;7;1;DECKEL SPEZIAL + NACHARBEIT
23-C;0412211188;LOT1004196;1460;1;Sruba M4X170 (-)
23-C;1310241201;BLOT101419;1857;1;RASTENSCHEIBE
23-C;1310243901;LOT1002369;9;1;NOCKENSCHEIBE,WISCHKONT.
23-C;1310244701;LOT1005899;978;1;Cam disc (basic shape)
23-C;1310246201;LOT1004938;108;1;RASTENSTUECK H=13,5 Rev.05
23-C;1310248302;BLOT101440;100;1;GEWINDESTANGE M4 L=254 13P.G
23-C;1310248604;BLOT101445;190;1;WELLE 4 KT. L=125,5  6P.G
23-C;1310251201;BLOT101454;1793;1;VERBINDUNGSSTUECK POLGEHAEUSE
23-D;1310248301;BLOT101439;105;1;GEWINDESTANGE M4 L=220 11P.G
23-D;1310248303;BLOT101441;39;1;GEWINDESTANGE M4 L=302 16P.G
23-D;1310248305;LOT1004730;37;1;GEWINDESTANGE M4 L=204 10P.G
23-D;1310248601;LOT1002131;117;1;WELLE 4 KT. L=92,7 4P.G
23-D;1310249401;BLOT101449;2274;1;RASTENFEDER DA=10,8 LO=44
23-D;1310249701;BLOT101451;1015;1;KONTAKTFEDER DA=8,5 LO=26,0
23-D;1310263001;BLOT101457;769;1;FRONTWINKEL L H=79 W=40
23-D;1310263501;BLOT101459;239;1;PLATTE FUER LAENGENAUSGLEICH
23-D;1310264101;BLOT101460;9;1;WELLE 4KT. L=157,5/230  SPEZ.
24-A;000005;LOT1006692;125,8;1;PET40 Siatka ochronna
24-A;000005;LOT1007597;100;1;PET40 Siatka ochronna
24-B;001339;LOT1005071;293;1;Cable End shrinkable 35/16
24-B;001340;BLOT100882;39;1;Cable End shrinkable 25/8
24-B;001341;LOT1006540;385;1;Cable End shrinkable 14/4.5
24-B;001370;LOT1006879;79;1;Cable End shrinkable 20/06
24-B;1310242201;LOT1007498;544;1;RASTENSCHEIBE SPEZ.
24-B;1310242201;LOT1007911;450;1;RASTENSCHEIBE SPEZ.
24-B;1310243401;LOT1005437;576;1;NOCKENSCHEIBE Z2, TRENNER
24-B;1310244201;LOT1005435;304;1;NOCKENSCHEIBE,MOT.-ENDSCH.
24-B;1310244901;BLOT101430;12;1;Nockenscheibe, FMTFH 105
24-B;1310245401;LOT1006041;38;1;NOCKENSCHEIBE, GM 4-1
24-B;511717;BLOT101155;43;1;Schrumpfendkappe 102L022-R05
24-C;1310242001;BLOT101420;841;1;RASTENSCHEIBE SPEZ.
24-C;1310243701;BLOT101425;1278;1;NOCKENSCHEIBE,8-KT-LOCH
24-C;1310244001;BLOT101427;1036;1;NOCKENSCHEIBE,MOT.-ENDSCH.
24-C;1310244601;BLOT101429;958;1;NOCKENSCHEIBE,UMSCHALTER
24-C;1310245001;BLOT101431;1101;1;ANSCHLAGSCHEIBE 90�
24-C;1310245101;BLOT101432;643;1;ANSCHLAGSCHEIBE 180�
24-C;1310246301;BLOT101435;2036;1;RASTENSTUECK H=12
24-D;001567;BLOT100915;565;1;Wylacznik roz-prad PRCD10 220
24-D;1310243301;LOT1005436;1655;1;NOCKENSCHEIBE Z2, TRENNER
24-D;1310243601;BLOT101424;854;1;NOCKENSCHEIBE,ANTRIEBE
24-D;1310243801;BLOT101426;1338;1;NOCKENSCHEIBE,ANTRIEBE
24-D;1310248602;LOT1006072;132;1;WELLE 4 KT. L=157,5 8P.G
24-D;1310248607;BLOT101446;186;1;WELLE 4 KT. L=205,5  11P.G
24-D;1310248611;LOT1005290;10;1;WELLE 4 KT. L=189,5 10P.G
24-D;1310248617;BLOT101448;52;1;WELLE 4 KT. L=285,5 SPEZ.16P.G
24-D;1310249501;BLOT101450;374;1;RASTENFEDER DA=11 LO=44
24-D;1310262801;LOT1005872;171;1;FUSSWINKEL VORN H=86 W=44
24-D;1310262901;LOT1005476;7;1;FUSSWINKEL HINTEN H=31,5 W=44
24-D;1310262901;LOT1005873;150;1;FUSSWINKEL HINTEN H=31,5 W=44
24-D;1310263101;BLOT101458;178;1;ENDWINKEL L H=27,5 W=40
24-D;570018;LOT1007770;40;1;Wtyczka czarna 3pol T113 Winkel
25-A;000053;LOT1004324;100;1;Znacznik przewodu 2.5mm2 LBHZ
25-A;000338;BLOT100618;684;1;Flachsteckhulse 6.3x0.8 2,5mm2
25-A;000341;LOT1005554;23;1;Koncowka oczkowa 115/10
25-A;000382;LOT1000187;252;1;Flachsteckh�lse 4.8x0.8 0.5-1
25-A;000382;LOT1000201;500;1;Flachsteckh�lse 4.8x0.8 0.5-1
25-A;000384;LOT1007834;49;1;Koncowka oczkowa M5 2.5mm2
25-A;000385;LOT1007551;93;1;Koncowka oczkowa M6 10mm2
25-A;000551;BLOT100691;2833;1;Tulejka 1mm2 x 6mm
25-A;000556;LOT1002267;1;1;SOURIAU Kabelstecker D38999
25-A;000880;BLOT100778;37;1;Buchsenleiste 16 pol.
25-A;001601;LOT1005760;6;1;Gniazdo M SuperSeal 2p
25-A;001602;LOT1005761;14;1;Kontakt M SuperSeal 0,75-1,50
25-A;001603;BLOT100927;54;1;Uszczelka zolta SuperSeal
25-A;001604;LOT1005762;17;1;Oslona gumowa SuperSeal 2p
25-A;001605;BLOT100929;9;1;Gniazdo M SuperSeal 3p
25-A;001606;BLOT100930;60;1;Kontakt M SuperSeal 0,35-0,50
25-A;001607;BLOT100931;10;1;Oslona gumowa SuperSeal 3p
25-A;11699;BLOT100444;1013;1;Faston 2.8x0.8 czerwony
25-A;16715;BLOT100453;1540;1;Tulejka 0,5x8 nieizolowana
25-A;502390;BLOT100983;205;1;Wtyczka 2R 3x2P
25-A;502412;LOT1007128;71;1;Sruba NC4-40
25-A;502973;BLOT101058;57;1;Kontakt zenski 16 KPTC
25-A;503261;BLOT101080;71;1;Sruba NC4-40
25-A;511622;BLOT101135;27;1;Kontakt zenski 24/40 A36
25-A;511623;BLOT101136;137;1;KONT.ST.CRIMP GR.12-4QMM
25-A;562002;BLOT101323;172;1;Kontakt zenski 0.5-1.5mm2
25-A;620012;BLOT101361;205;1;"Znacznik na drazku ""1"" zolty"
25-A;620013;BLOT101362;473;1;"Znacznik na drazku ""2"" zolty"
25-A;62040;LOT1002127;62;1;Kontakt meski 1.52-3.05mm2
25-B;000010;BLOT100507;4;1;Uchwyt montazowy F030834006
25-B;000020;LOT1005469;2;1;Uchwyt montazowy F030833001
25-B;000159;BLOT100569;32;1;Uchwyt montazowy F030834013
25-B;000286;LOT1006851;69;1;Oznacznik kablowy KMK3
25-B;000398;BLOT100643;57;1;Element przelacznika A8
25-B;000490;LOT1006485;3;1;Uchwyt montazowy F030834017
25-B;000598;BLOT100699;93;1;Uchwyt montazowy F030834012
25-B;000670;LOT1005853;4;1;Uchwyt montazowy F030834100
25-B;000671;LOT1002818;1;1;Uchwyt montazowy F030834003
25-B;000673;LOT1007302;21;1;Uchwyt montazowy F030834005
25-B;000707;LOT1007890;6;1;Kurbelloch-Schliesslasche EFZ41
25-B;000707;LOT1007909;30;1;Kurbelloch-Schliesslasche EFZ41
25-B;000719;BLOT100732;16;1;Klemmenbefestigungswinkel
25-B;001532;LOT1005473;2;1;Blacha montazowa JE9410196003
25-B;001907;LOT1007274;21;1;Uchwyt montazowy 030834020
25-B;1310264401;BLOT101462;8;1;ENDWINKEL H=40 + SEITL. LAPPEN
25-B;17809;LOT1003921;69;1;Plytka magazynujaca duza
25-B;517708;LOT1003879;98;1;Haken 47.247.692-01
25-B;517711;LOT1003877;95;1;Verriegelungsblech 47.247.691
25-B;517713;BLOT101197;70;1;Uchwyt el. przelaczajacego
25-B;517722;BLOT101203;49;1;Mikroschalterblech B105
25-B;517736;LOT1006279;53;1;El. przelacznika rolkowany
25-B;517789;LOT1006235;54;1;Plyta montazowa przelacznikow
25-B;517789;LOT1007699;200;1;Plyta montazowa przelacznikow
25-B;517791;LOT1006482;96;1;Steckerplatte
25-B;517792;BLOT101235;48;1;Schaltelementhalt. 47247785-01
25-B;517891;LOT1007700;63;1;Plyta montazowa silnika (GR.)
25-B;517891;LOT1007778;100;1;Plyta montazowa silnika (GR.)
25-B;561092;LOT1002541;50;1;Blacha montazowa JE9410196021
25-B;561094;LOT1000746;11;1;Blacha montazowa JE9410196009
25-B;561094;LOT1002543;10;1;Blacha montazowa JE9410196009
25-B;561095;LOT1003997;30;1;Blacha montazowa JE9410196011
25-B;561346;LOT1005559;4;1;Blacha montazowa JE9410196004
25-C;000015;LOT1005684;4;1;Uchwyt montazowy F030834002
25-C;000017;LOT1003709;7;1;Uchwyt montazowy F06P07Z842-01
25-C;000022;BLOT100510;98;1;Uchwyt montazowy F06P07Z842-02
25-C;000024;BLOT100511;44;1;Uchwyt montazowy F030834009
25-C;000025;LOT1006448;13;1;Uchwyt montazowy F030835001
25-C;000052;BLOT100533;31;1;Uchwyt montazowy F030834011
25-C;000160;LOT1006447;11;1;Uchwyt montazowy F030833002
25-C;000457;LOT1006480;30;1;Blacha 47.233.858-01 Rev. 04
25-C;000666;LOT1006792;9;1;Uchwyt montazowy F030833009
25-C;000668;BLOT100716;20;1;Uchwyt montazowy F030833100
25-C;000717;BLOT100730;18;1;Schaltertraeger
25-C;001152;LOT1005852;15;1;Uchwyt montazow HE06P07Z842-05
25-C;001866;LOT1005777;1;1;Uchwyt montazowy F0308340xx
25-C;517709;LOT1003880;89;1;Fuhrungsblech 47.247.693-01
25-C;517710;BLOT101195;8;1;Plyta konektorow Wago
25-C;517720;LOT1006479;96;1;Hilfsschalterplatte   B105
25-C;517735;BLOT101210;70;1;Steckerplatte B105
25-C;517737;BLOT101212;51;1;Hilfsschaltergest�nge B105
25-C;517745;LOT1006166;43;1;Plyta montazowa przelacznika
25-C;517851;BLOT101245;15;1;Microschalterblech 47247862-01
25-C;517855;BLOT101246;150;1;Motorplatte 47.267.836-01 R.03
25-C;561093;LOT1005780;7;1;Blacha montazowa JE9410196005
25-C;561108;LOT1000069;39;1;Blacha montazowa JE9410196019
25-C;561344;LOT1005560;5;1;Blacha montazowa JE9410196002
26-A;000344;LOT1004741;248;1;Konektor zenski 1.3mm
26-A;001305;LOT1004611;10;1;HAN 16 B MOD ramka
26-A;001305;LOT1006288;10;1;HAN 16 B MOD ramka
26-A;001478;BLOT100902;2560;1;Tulejka H1,0/14D R czerwona
26-A;001581;BLOT100922;3;1;Nockenscheiben gericht. Wische
26-A;001582;BLOT100923;80;1;Faston nieizolowany 1,5-2,5mm2
26-A;001697;LOT1001912;9;1;Oznacznik kablowy KMK5
26-A;503496;BLOT101095;5;1;Obudowa HAN 3A HPR
26-A;511025;BLOT101109;48;1;Modul HAN 2 STI-S 40 A
26-A;511025;LOT1000232;4;1;Modul HAN 2 STI-S 40 A
26-A;511026;LOT1004614;4;1;Modul HAN 2 BU-S 40 A
26-A;511026;LOT1005255;6;1;Modul HAN 2 BU-S 40 A
26-A;511026;LOT1006291;19;1;Modul HAN 2 BU-S 40 A
26-A;517828;LOT1002180;75;1;Oznacznik kabli KMK
26-B;000004;LOT1006916;92;1;Sruba do obudowy HAN
26-B;000009;LOT1006502;29;1;Wtyk meski 24-pol
26-B;000009;LOT1007682;20;1;Wtyk meski 24-pol
26-B;000911;LOT1005759;1;1;Ramka 6B f�r 2 Module (a..b)
26-B;001017;LOT1003014;5;1;Obudowa metalowa Han 16HPR
26-B;001858;LOT1006289;1;1;Obudowa HAN 6HPR M25 
26-B;11317;LOT1006834;232;1;Obudowa metalowa EMV-gw-M20
26-B;511310;LOT1006642;75;1;Obudowa HAN3 EMV M20 gg
26-C;000001;BLOT100501;112;1;Obudowa metalowa Han EMC M40
26-C;000595;LOT1007282;47;1;Obudowa HAN 16B M40
26-C;502890;LOT1007744;96;1;Obudowa HAN 16B EMV gs M40
26-C;502890;LOT1007800;217;1;Obudowa HAN 16B EMV gs M40
26-C;511308;LOT1005532;26;1;Obudowa HAN 16 EMV/B-GS-M32
26-C;511308;LOT1006645;300;1;Obudowa HAN 16 EMV/B-GS-M32
26-C;511308;LOT1007676;410;1;Obudowa HAN 16 EMV/B-GS-M32
26-C;511309;LOT1006931;143;1;Obudowa metalowa HAN 16EMC
27-A;200436;BLOT101506;1;1;LWL-SM LC-PC/FC-UPC 2x9/125um
27-A;200485;BLOT101512;4;1;LWL-KL FC-PC/LC+SC 9/125um 10m
27-A;200486;BLOT101513;5;1;V9YF*FO-CB LC/PC-LC/PC 15m
27-A;200573;BLOT101515;6;1;LWL-KL FC-PC/SC-PC 9/125 10m
27-A;200675;BLOT101517;2;1;LWL-KL LC-PC/SC-APC 9/125um10m
27-A;200676;BLOT101518;2;1;LWL-KL LC-PC/LC-APC 9/125um20m
27-A;517490;BLOT101187;4;1;LWL-KL LC-PC/LC-PC 9/125um 15m
27-A;560882;BLOT101300;2;1;LWL-KL LC-PC/LC-PC 9/125um 25m
27-B;001873;LOT1006598;2;1;V9GK*FO-CB SM 2F INT. FC/PC-SC/PC 2m
27-B;200435;BLOT101505;2;1;LWL-DU LC-PC/FC-UPC 9/125 2m
27-B;200448;BLOT101507;3;1;LWL LC-PC/SC-APC 9/125 2m
27-B;200484;BLOT101511;30;1;LWL FC-PC/LC-APC 2x9/125 2m
27-B;200638;BLOT101516;1;1;LWL-KL FC-PC/SC-APC 9/125um15m
27-B;200705;BLOT101519;1;1;LWL-KL FC-PC/SC-PC 9/125 15m
27-B;200706;LOT1005511;1;1;LWL-D.V.K. FC-FC 9/125um 4m
27-B;200706;LOT1005512;2;1;LWL-D.V.K. FC-FC 9/125um 4m
27-B;200706;LOT1005636;3;1;LWL-D.V.K. FC-FC 9/125um 4m
27-B;200706;LOT1007643;10;1;LWL-D.V.K. FC-FC 9/125um 4m
27-B;200739;LOT1001114;1;1;V9JP*FO-CB SM 2F INT. LC/PC-LC/APC
27-B;200817;LOT1002133;1;1;LWL-KL LC-PC/LC-PC 9/125um 50m
27-B;502140;LOT1000112;3;1;LWL-DAMPFUNGSGLIED LC-PC 6DB
27-B;502141;LOT1007024;1;1;LWL-DAMPFUNGSGLIED LC-PC 10DB
27-B;502141;LOT1007644;15;1;LWL-DAMPFUNGSGLIED LC-PC 10DB
27-B;512990;BLOT101165;30;1;LWL-DU LC-PC/E2000/APC 9/125um
27-B;513168;LOT1004846;9;1;LWL-DU LC-PC/LC-PC 9/125um 2m
27-B;513168;LOT1005334;10;1;LWL-DU LC-PC/LC-PC 9/125um 2m
27-B;513169;LOT1007253;7;1;LWL-DU LC-PC/LC-PC 9/125um 4m
27-B;513169;LOT1007438;5;1;LWL-DU LC-PC/LC-PC 9/125um 4m
27-B;513169;LOT1007442;4;1;LWL-DU LC-PC/LC-PC 9/125um 4m
27-B;513430;LOT1006046;3;1;LWL-DAMPFUNGSGLIED FC-PC 10dB
27-B;513430;LOT1007437;20;1;LWL-DAMPFUNGSGLIED FC-PC 10dB
27-B;513443;LOT1000114;2;1;LWL-D.V.K. FC-FC 9/125um 1m
27-B;513443;LOT1001404;5;1;LWL-D.V.K. FC-FC 9/125um 1m
27-B;513989;LOT1007565;20;1;LWL-DU LC-PC/FC-PC 9/125 2m
27-B;514296;LOT1006880;83;1;LWL-DU LC-PC/FC-PC 9/125 4m
27-B;514459;LOT1006600;58;1;LWL-DU LC-PC/SC-PC 9/125 2m
27-B;515309;LOT1003736;48;1;LWL-DU LC-PC/SC-PC 9/125 4m
27-B;515328;BLOT101177;20;1;LWL-D.V.K. FC-FC 9/125um 3m
27-B;517451;LOT1006876;3;1;LWL-DU LC-PC/LC-PC 50/125um 4m
27-B;517451;LOT1007905;5;1;LWL-DU LC-PC/LC-PC 50/125um 4m
27-B;519030;LOT1004783;3;1;V9YF*FO-CB LC/PC-LC/PC 20m
27-B;519030;LOT1007026;2;1;V9YF*FO-CB LC/PC-LC/PC 20m
27-B;519030;LOT1007255;1;1;V9YF*FO-CB LC/PC-LC/PC 20m
27-B;519030;LOT1007443;2;1;V9YF*FO-CB LC/PC-LC/PC 20m
27-B;519057;LOT1003913;20;1;LWL-DU LC-PC/LC-PC 50/125um 2m
27-B;519147;LOT1002704;2;1;LWL-DU LC-PC/LC-PC 9/125um 1m
27-B;519329;BLOT101264;5;1;LWL-DU LC-PC/SC-APC 9/125um 2m
27-B;519330;BLOT101265;2;1;LWL-DU FC-PC/SC-APC 9/125um 2m
27-B;855592;LOT1001171;1;1;LWL-DU LC-PC/LC-PC 9/125um 3m
27-C;200318;BLOT101500;4;1;LWL-KL SC-PC/SC-PC 9/125um 25m
27-C;200388;BLOT101503;1;1;V9YF*FO-CB LC/PC-LC/PC 60m
27-C;200449;BLOT101508;1;1;LWL 2xFC/PC-LC+SC/APC 20m
27-C;200471;BLOT101509;58;1;LWL FC-UPC/LC-PC 9/125 3m
27-C;200472;BLOT101510;58;1;LWL LC-PC/SC-PC 9/125 3m
27-C;200753;LOT1001446;6;1;"LWL-KL FC-PC/FC-PC 9/125um; 25m"
27-C;513331;LOT1006874;6;1;LWL-SM LC-PC/FC-PC 2x9/125um
27-C;513331;LOT1007441;20;1;LWL-SM LC-PC/FC-PC 2x9/125um
27-C;513331;LOT1007904;10;1;LWL-SM LC-PC/FC-PC 2x9/125um
27-C;515534;LOT1005513;1;1;LWL-KL LC-PC/LC-PC 9/125um 10m
27-C;515534;LOT1005639;5;1;LWL-KL LC-PC/LC-PC 9/125um 10m
27-C;517011;LOT1005833;16;1;LWL-KL LC-PC/LC-PC 9/125um 20m
27-C;517431;LOT1004785;13;1;LWL-KL LC-PC/ST 50/125um 20m
27-C;517434;LOT1005514;3;1;LWL-KL LC-PC/ST 50/125um 10m
27-C;517472;BLOT101216;5;1;LWL-KL LC-PC/LC-PC 9/125um 35m
27-C;519023;LOT1005515;5;1;LWL-KL LC-PC/ST 50/125um 60m
27-C;519031;LOT1006016;1;1;LWL-KL LC-PC/ST-PC 50/125 30m
27-C;519051;BLOT101259;16;1;LWL-KL SC-PC/LC-PC 9/125 20m
27-D;200347;LOT1001441;56;1;LWL-KL FC-PC/SC-PC 9/125 25m
27-D;200348;LOT1000540;51;1;LWL-KL SC-PC/LC-PC 9/125 25m
27-D;200752;LOT1001445;4;1;"LWL-KL LC-PC/SC-APC 9/125um; 25m"
27-D;201561;LOT1007575;111;1;Profil 1490-41 d�ugo�� 3,5m p�produkt --> 201572 (finalny)
27-D;201572;LOT1007750;888;1;Przer�bka komponentu 201561
27-D;201572;LOT1007755;12;1;Przer�bka komponentu 201561
27-D;519007;BLOT101252;28;1;LWL-KL LC-PC/ST 50/125um 40m
27-D;519028;BLOT101254;42;1;LWL-KL FC-PC/LC-APC 9/125 20m
27-D;519033;LOT1003554;36;1;LWL-KL LC-PC/ST-PC 50/125 25m
27-D;519033;LOT1004849;10;1;LWL-KL LC-PC/ST-PC 50/125 25m
28-A;200400;LOT1007900;1;1;V9YF*FO-CB LC/PC-LC/PC 35m
28-A;512582;LOT1007902;5;1;LWL-KL FC-PC/FC-PC 9/125um 20m
28-A;512991;LOT1007440;1;1;LWL-KL LC-PC/FC-PC 9/125um 15M
28-A;512991;LOT1007903;5;1;LWL-KL LC-PC/FC-PC 9/125um 15M
28-A;515387;LOT1006873;2;1;LWL-KL LC-PC/FC-PC 9/125um 35m
28-A;517432;LOT1004843;1;1;LWL-KL LC-PC/SC-APC 9/125um20m
28-A;519059;LOT1007027;2;1;LWL-KL LC-PC/ST 50/125um 35m
